flower_name	flower_id
大叶落地生根	flower_0
吹雪之松锦	flower_1
熊童子白锦	flower_2
美丽莲	flower_3
碧玉莲	flower_4
十字星锦	flower_5
蓝黛莲	flower_6
朱莲	flower_7
松霞	flower_8
蔓性风铃花	flower_9
彩叶吊兰	flower_10
趣蝶莲	flower_11
带唇兰	flower_12
豆豆兰	flower_13
白花韧锦	flower_14
朱砂根	flower_15
天门冬	flower_16
矮文竹	flower_17
多棱球	flower_18
蓝松	flower_19
银手指	flower_20
锦上珠	flower_21
开心果树	flower_22
雯心草	flower_23
神锦花	flower_24
马蹄金	flower_25
东非凤仙	flower_26
窃衣	flower_27
藿香	flower_28
油点百合	flower_29
姬牡丹	flower_30
高砂之翁	flower_31
黄毛掌	flower_32
日轮玉	flower_33
小红嘴	flower_34
多肉紫牡丹	flower_35
美吉寿	flower_36
肉苁蓉	flower_37
老虎须	flower_38
瓷玫瑰	flower_39
红背椒草	flower_40
雪滴花	flower_41
小蓝兔狸藻	flower_42
福兔耳	flower_43
冬红	flower_44
青星美人	flower_45
中斑莲花掌	flower_46
君子与淑女	flower_47
蛾蝶花	flower_48
小白兔狸藻	flower_49
樱水晶	flower_50
蒂亚	flower_51
鸡冠掌	flower_52
春之奇迹	flower_53
爱染锦	flower_54
小红衣	flower_55
伽蓝菜	flower_56
灯珠花	flower_57
藻铃玉	flower_58
百香果	flower_59
香花球兰	flower_60
蜜蜂兰	flower_61
湿唇兰	flower_62
鹦鹉花	flower_63
舌唇兰	flower_64
彩虹玫瑰	flower_65
意大利红门兰	flower_66
姬瞿麦	flower_67
粉藤	flower_68
刺槐	flower_69
瑞云	flower_70
鲸鱼花	flower_71
网球花	flower_72
猫尾红	flower_73
虾衣花	flower_74
六倍利	flower_75
彩星花	flower_76
红鳞蒲桃	flower_77
石上藕	flower_78
夕雾	flower_79
帝王寿	flower_80
珍珠草	flower_81
红宫廷	flower_82
绿宫廷	flower_83
狐尾藻	flower_84
再力花	flower_85
蓬莱松	flower_86
白千层	flower_87
富贵树	flower_88
台湾竹	flower_89
香彩雀	flower_90
美花角	flower_91
圣王丸	flower_92
鹿角柱	flower_93
猫眼草	flower_94
垂枝藓	flower_95
地钱	flower_96
美人树	flower_97
松萝	flower_98
空气凤梨	flower_99
白龙球	flower_100
莫丝	flower_101
宫廷草	flower_102
一摸香	flower_103
铁皇冠	flower_104
四叶草	flower_105
三叶草	flower_106
落地生根	flower_107
肉豆蔻	flower_108
姬胧月锦	flower_109
金钱木	flower_110
卷绢	flower_111
宝盖草	flower_112
半夏	flower_113
红雀珊瑚	flower_114
霸王树	flower_115
棒槌树	flower_116
山竹	flower_117
节节草	flower_118
丝兰	flower_119
竹叶兰	flower_120
串铃花	flower_121
千鸟花	flower_122
瑞香	flower_123
青葙	flower_124
谷精草	flower_125
摇钱树	flower_126
金鱼吊兰	flower_127
千鸟草	flower_128
金星	flower_129
龙女冠	flower_130
虾脊兰	flower_131
大龙冠	flower_132
御旗	flower_133
鸢尾兰	flower_134
鸡冠刺桐	flower_135
吊竹梅	flower_136
覆盆子	flower_137
厚萼凌霄	flower_138
金钱树	flower_139
狼尾蕨	flower_140
白毛蛇	flower_141
金毛狗蕨	flower_142
鸢尾草	flower_143
蓝蝴蝶	flower_144
鼠尾草	flower_145
网纹草	flower_146
肖竹芋	flower_147
转运竹	flower_148
繁缕	flower_149
云南火焰兰	flower_150
豹斑火焰兰	flower_151
银叶睡布袋	flower_152
鱼钩草	flower_153
白花章鱼爪	flower_154
神玉	flower_155
锦灯笼	flower_156
灯笼泡	flower_157
瓦松	flower_158
蜡牡丹	flower_159
姬珊瑚	flower_160
火烧兰	flower_161
白蝶兰	flower_162
鹭草	flower_163
紫堇	flower_164
量天尺花	flower_165
黄蝉兰	flower_166
江守玉	flower_167
彩春峰	flower_168
山影拳	flower_169
乌羽玉	flower_170
睡布袋	flower_171
白马城	flower_172
韧锦	flower_173
喜林草	flower_174
侧金盏花	flower_175
佛头玉	flower_176
女雏	flower_177
惠比须笑	flower_178
姬将军	flower_179
将军柱	flower_180
将军阁	flower_181
玉牛掌	flower_182
泥鳅掌	flower_183
吹雪柱	flower_184
黄金钮	flower_185
莺鸣玉	flower_186
岩牡丹	flower_187
巴西龙骨	flower_188
彩云阁	flower_189
花龙骨	flower_190
黄花照波	flower_191
绒针	flower_192
若歌诗	flower_193
雷童	flower_194
方鳞绿塔	flower_195
翠晃冠	flower_196
黄雪光	flower_197
眩美玉	flower_198
旋风麒麟	flower_199
金纽仙人鞭	flower_200
翁柱	flower_201
黄翁	flower_202
英冠玉	flower_203
天狗之舞	flower_204
串钱藤	flower_205
钱串景天	flower_206
红稚儿	flower_207
紫章	flower_208
黄金花月	flower_209
白斑玉露	flower_210
芳香波	flower_211
小球玫瑰	flower_212
万象	flower_213
白银寿	flower_214
王玉珠帘	flower_215
青鸟寿	flower_216
富士子宝	flower_217
三角琉璃莲	flower_218
多肉灯泡	flower_219
红鸡蛋花	flower_220
火焰兰	flower_221
海州常山	flower_222
大花葱	flower_223
海石竹	flower_224
四海波	flower_225
假苹婆	flower_226
红蓼	flower_227
锦鸡儿	flower_228
夏堇	flower_229
猫尾草	flower_230
蝴蝶兰花	flower_231
蓟	flower_232
结香	flower_233
络石	flower_234
红千层	flower_235
凤凰木	flower_236
鸳鸯茉莉	flower_237
禾雀花	flower_238
十大功劳	flower_239
角蜂眉兰	flower_240
猴面小龙兰	flower_241
飞鸭兰	flower_242
宫灯百合	flower_243
刺桐	flower_244
金樱子	flower_245
苹婆	flower_246
红鸟蕉	flower_247
吊灯花	flower_248
春衣	flower_249
布纹球	flower_250
金嘴鹤蕉	flower_251
龙吐珠	flower_252
常青藤	flower_253
扇蕨	flower_254
连珠蕨	flower_255
鹿角蕨	flower_256
菠萝蜜	flower_257
彩叶凤梨	flower_258
一年蓬	flower_259
咬人猫	flower_260
一枝香	flower_261
万带兰	flower_262
凌霄花	flower_263
千日红	flower_264
龙胆花	flower_265
康兔子	flower_266
金鱼草	flower_267
花南星	flower_268
虎舌红	flower_269
画眉草	flower_270
山地玫瑰	flower_271
秘鲁天伦柱	flower_272
斯诺登水兰	flower_273
铁锤兰	flower_274
女王花笠	flower_275
葡萄	flower_276
白闪冠	flower_277
杜里万莲	flower_278
章鱼	flower_279
落花之舞	flower_280
令箭荷花	flower_281
金麒麟花	flower_282
黛比	flower_283
立田凤	flower_284
麒麟掌	flower_285
百岁兰	flower_286
银边四海波	flower_287
琉璃殿	flower_288
九轮塔	flower_289
七宝树	flower_290
霜之朝	flower_291
快刀乱麻	flower_292
神刀	flower_293
千佛手	flower_294
红卷绢	flower_295
福娘	flower_296
富士	flower_297
花叶寒月夜	flower_298
凝脂菊锦	flower_299
不夜城芦荟	flower_300
松虫	flower_301
翡翠景天	flower_302
新玉缀	flower_303
鸾凤玉	flower_304
短毛球	flower_305
花盛球	flower_306
龙王球	flower_307
蛛丝卷绢	flower_308
条纹十二卷锦	flower_309
鹰爪十二卷	flower_310
大和锦	flower_311
大花犀角	flower_312
玉珠帘	flower_313
碰碰香	flower_314
绿花红唇	flower_315
多肉京之华锦	flower_316
圆头玉露	flower_317
爱之蔓	flower_318
翠花掌	flower_319
小花龙舌兰花	flower_320
盘叶莲花掌	flower_321
库珀天锦章	flower_322
雅乐之舞	flower_323
玉吊钟	flower_324
唐印	flower_325
唐扇	flower_326
十二卷	flower_327
碧光环	flower_328
熊童子	flower_329
月兔耳	flower_330
锦司晃	flower_331
蓝石莲	flower_332
唐棉	flower_333
豹皮花	flower_334
嘴唇花	flower_335
萍蓬草	flower_336
虹之玉锦	flower_337
金钮	flower_338
赏云	flower_339
块茎银莲花	flower_340
茅膏菜	flower_341
大王花	flower_342
土瓶草	flower_343
鹦鹉瓶子草	flower_344
冰灯玉露	flower_345
佛甲草	flower_346
笑树	flower_347
热唇草	flower_348
囊泡貉藻	flower_349
迷你茅膏菜	flower_350
黄瓶子草	flower_351
眼镜蛇瓶子草	flower_352
二齿猪笼草	flower_353
马来王猪笼草	flower_354
肾蕨	flower_355
鸟巢蕨	flower_356
卷柏	flower_357
叉叶木	flower_358
杓兰	flower_359
薰衣草	flower_360
金琥	flower_361
鼠尾掌	flower_362
彩叶草	flower_363
黄金果	flower_364
佛手	flower_365
瓶子草	flower_366
大丽花	flower_367
铜钱草	flower_368
桃美人	flower_369
翡翠珠	flower_370
豆瓣绿	flower_371
蒲公英	flower_372
仙人掌	flower_373
生石花	flower_374
石头花	flower_375
露美玉	flower_376
虹之玉	flower_377
含羞草	flower_378
跳舞草	flower_379
发财树	flower_380
飞燕草	flower_381
四季海棠	flower_382
鸡冠花	flower_383
