flower_name	flower_id
腋花点地梅	flower_1405
麒麟火焰兰	flower_1403
裴翠殿	flower_1943
千波万波	flower_1472
姬乱雪	flower_1921
江户紫	flower_1942
大苍角殿	flower_1939
姬凤梨	flower_1937
蓝粉台阁	flower_1912
振武玉	flower_1936
黄蝉兰	flower_166
翁柱	flower_201
条纹十二卷锦	flower_309
红卷绢	flower_295
杜里万莲	flower_278
旋风麒麟	flower_199
立田凤	flower_284
富士子宝	flower_217
库珀天锦章	flower_322
青鸟寿	flower_216
银边四海波	flower_287
康兔子	flower_266
白花章鱼爪	flower_154
红稚儿	flower_207
紫章	flower_208
神玉	flower_155
多肉京之华锦	flower_316
红稚莲	flower_1938
神刀	flower_293
江守玉	flower_167
落花之舞	flower_280
九轮塔	flower_289
白马城	flower_172
黄雪光	flower_197
绿花红唇	flower_315
蓝盆花	flower_576
绒针	flower_192
琉璃殿	flower_288
虹之玉锦	flower_337
红粉台阁	flower_1924
蜡牡丹	flower_159
花盛球	flower_306
白银寿	flower_214
千佛手	flower_294
福娘	flower_296
山木蓝	flower_1319
花月夜	flower_1946
韧锦	flower_173
三角琉璃莲	flower_218
短毛球	flower_305
泥鳅掌	flower_183
章鱼	flower_279
欧洲银莲花	flower_1479
秘鲁天伦柱	flower_272
睡布袋	flower_171
女王花笠	flower_275
富士	flower_297
锦司晃	flower_331
姬胧月锦	flower_109
英冠玉	flower_203
黄翁	flower_202
白闪冠	flower_277
唐扇	flower_326
若歌诗	flower_193
多肉灯泡	flower_219
小苍角殿	flower_609
盘叶莲花掌	flower_321
小花龙舌兰花	flower_320
韭兰	flower_604
快刀乱麻	flower_292
葡萄	flower_276
黄金钮	flower_185
圆头玉露	flower_317
黛比	flower_283
姬将军	flower_179
虎颜花	flower_1052
葱莲	flower_606
八千代	flower_1486
钱串景天	flower_206
唐印	flower_325
虎眼万年青	flower_608
金星	flower_129
锦鸡儿	flower_228
初恋	flower_1949
金纽仙人鞭	flower_200
筒叶花月	flower_1945
姬珊瑚	flower_160
红蓼	flower_227
火祭	flower_1941
玉扇	flower_1944
彩叶吊兰	flower_10
麒麟掌	flower_285
彩春峰	flower_168
鹰爪十二卷	flower_310
大和锦	flower_311
香果兰	flower_503
惠比须笑	flower_178
量天尺花	flower_165
萼距花	flower_1392
假龙头	flower_652
垂筒花	flower_647
留兰香	flower_533
玉蝶	flower_610
玉吊钟	flower_324
不夜城芦荟	flower_300
七宝树	flower_290
玉珠帘	flower_313
鸾凤玉	flower_304
巴西龙骨	flower_188
十二卷	flower_327
青苹果竹芋	flower_1846
油菜花	flower_847
金钱兜	flower_1853
翠花掌	flower_319
猪笼草	flower_2168
大叶吊兰	flower_1775
菜豆树	flower_1409
白牡丹	flower_1950
月兔耳	flower_330
红网纹草	flower_1805
黄玫瑰	flower_574
孔雀竹芋	flower_1925
清盛锦	flower_1951
霜之朝	flower_291
金麒麟花	flower_282
圆叶薄荷	flower_530
风雨花	flower_605
爱之蔓	flower_318
女雏	flower_177
雅乐之舞	flower_323
酢浆草	flower_597
五彩红星	flower_1619
翡翠景天	flower_302
蛛丝卷绢	flower_308
条纹十二卷	flower_1926
紫竹梅	flower_570
小白兔狸藻	flower_49
碧光环	flower_328
鸭跖草	flower_1389
龙王球	flower_307
萱草	flower_1443
薄荷花	flower_528
山影拳	flower_169
紫弦月	flower_1485
新玉缀	flower_303
铁线莲	flower_598
特玉莲	flower_611
多肉观音莲	flower_2025
珍珠吊兰	flower_1952
花叶络石	flower_1434
白鹤芋	flower_1658
熊童子	flower_329
紫珍珠	flower_1948
碰碰香	flower_314
薄荷	flower_529
柏树	flower_1990
锦晃星	flower_612
紫苏	flower_1887
蓝石莲	flower_332
凤仙花	flower_1730
金枝玉叶	flower_601
